tenant_slug,object_type,object_name,status,amount_cents
tenant-001,account,Acme 001,active,10000
tenant-002,account,Acme 002,active,10100
tenant-003,account,Acme 003,active,10200
tenant-004,account,Acme 004,active,10300
tenant-005,account,Acme 005,active,10400
tenant-006,account,Acme 006,active,10500
tenant-007,account,Acme 007,active,10600
tenant-008,account,Acme 008,active,10700
tenant-009,account,Acme 009,active,10800
tenant-010,account,Acme 010,active,10900
tenant-011,deal,Expansion 011,open,11000
tenant-012,deal,Expansion 012,open,11100
tenant-013,deal,Expansion 013,open,11200
tenant-014,deal,Expansion 014,open,11300
tenant-015,deal,Expansion 015,open,11400
tenant-016,deal,Expansion 016,open,11500
tenant-017,deal,Expansion 017,open,11600
tenant-018,deal,Expansion 018,open,11700
tenant-019,deal,Expansion 019,open,11800
tenant-020,deal,Expansion 020,open,11900
tenant-021,contact,Contact 021,active,12000
tenant-022,contact,Contact 022,active,12100
tenant-023,contact,Contact 023,active,12200
tenant-024,contact,Contact 024,active,12300
tenant-025,contact,Contact 025,active,12400
tenant-026,contact,Contact 026,active,12500
tenant-027,contact,Contact 027,active,12600
tenant-028,contact,Contact 028,active,12700
tenant-029,contact,Contact 029,active,12800
tenant-030,contact,Contact 030,active,12900
tenant-031,activity,Activity 031,open,13000
tenant-032,activity,Activity 032,open,13100
tenant-033,activity,Activity 033,open,13200
tenant-034,activity,Activity 034,open,13300
tenant-035,activity,Activity 035,open,13400
tenant-036,activity,Activity 036,open,13500
tenant-037,activity,Activity 037,open,13600
tenant-038,activity,Activity 038,open,13700
tenant-039,activity,Activity 039,open,13800
tenant-040,activity,Activity 040,open,13900
tenant-041,note,Note 041,active,14000
tenant-042,note,Note 042,active,14100
tenant-043,note,Note 043,active,14200
tenant-044,note,Note 044,active,14300
tenant-045,note,Note 045,active,14400
tenant-046,note,Note 046,active,14500
tenant-047,note,Note 047,active,14600
tenant-048,note,Note 048,active,14700
tenant-049,note,Note 049,active,14800
tenant-050,note,Note 050,active,14900
tenant-051,audit,Audit 051,active,15000
tenant-052,audit,Audit 052,active,15100
tenant-053,audit,Audit 053,active,15200
tenant-054,audit,Audit 054,active,15300
tenant-055,audit,Audit 055,active,15400
tenant-056,audit,Audit 056,active,15500
tenant-057,audit,Audit 057,active,15600
tenant-058,audit,Audit 058,active,15700
tenant-059,audit,Audit 059,active,15800
tenant-060,audit,Audit 060,active,15900
tenant-061,account,Acme 061,active,16000
tenant-062,account,Acme 062,active,16100
tenant-063,account,Acme 063,active,16200
tenant-064,account,Acme 064,active,16300
tenant-065,account,Acme 065,active,16400
tenant-066,account,Acme 066,active,16500
tenant-067,account,Acme 067,active,16600
tenant-068,account,Acme 068,active,16700
tenant-069,account,Acme 069,active,16800
tenant-070,account,Acme 070,active,16900
tenant-071,deal,Expansion 071,open,17000
tenant-072,deal,Expansion 072,open,17100
tenant-073,deal,Expansion 073,open,17200
tenant-074,deal,Expansion 074,open,17300
tenant-075,deal,Expansion 075,open,17400
tenant-076,deal,Expansion 076,open,17500
tenant-077,deal,Expansion 077,open,17600
tenant-078,deal,Expansion 078,open,17700
tenant-079,deal,Expansion 079,open,17800
tenant-080,deal,Expansion 080,open,17900
tenant-081,contact,Contact 081,active,18000
tenant-082,contact,Contact 082,active,18100
tenant-083,contact,Contact 083,active,18200
tenant-084,contact,Contact 084,active,18300
tenant-085,contact,Contact 085,active,18400
tenant-086,contact,Contact 086,active,18500
tenant-087,contact,Contact 087,active,18600
tenant-088,contact,Contact 088,active,18700
tenant-089,contact,Contact 089,active,18800
tenant-090,contact,Contact 090,active,18900
tenant-091,note,Note 091,active,19000
tenant-092,note,Note 092,active,19100
tenant-093,note,Note 093,active,19200
tenant-094,note,Note 094,active,19300
tenant-095,note,Note 095,active,19400
tenant-096,note,Note 096,active,19500
tenant-097,note,Note 097,active,19600
tenant-098,note,Note 098,active,19700
tenant-099,note,Note 099,active,19800
tenant-100,note,Note 100,active,19900
