practice_slug,professional_slug,timezone,slot_start_utc,slot_end_utc
practice-001,pro-001,America/New_York,2026-06-01T14:00:00Z,2026-06-01T14:30:00Z
practice-002,pro-002,America/Chicago,2026-06-01T15:00:00Z,2026-06-01T15:30:00Z
practice-003,pro-003,America/Denver,2026-06-01T16:00:00Z,2026-06-01T16:30:00Z
practice-004,pro-004,America/Los_Angeles,2026-06-01T17:00:00Z,2026-06-01T17:30:00Z
practice-005,pro-005,America/New_York,2026-06-02T14:00:00Z,2026-06-02T14:30:00Z
practice-006,pro-006,America/Chicago,2026-06-02T15:00:00Z,2026-06-02T15:30:00Z
practice-007,pro-007,America/Denver,2026-06-02T16:00:00Z,2026-06-02T16:30:00Z
practice-008,pro-008,America/Los_Angeles,2026-06-02T17:00:00Z,2026-06-02T17:30:00Z
practice-009,pro-009,America/New_York,2026-06-03T14:00:00Z,2026-06-03T14:30:00Z
practice-010,pro-010,America/Chicago,2026-06-03T15:00:00Z,2026-06-03T15:30:00Z
practice-011,pro-011,America/Denver,2026-06-03T16:00:00Z,2026-06-03T16:30:00Z
practice-012,pro-012,America/Los_Angeles,2026-06-03T17:00:00Z,2026-06-03T17:30:00Z
practice-013,pro-013,America/New_York,2026-06-04T14:00:00Z,2026-06-04T14:30:00Z
practice-014,pro-014,America/Chicago,2026-06-04T15:00:00Z,2026-06-04T15:30:00Z
practice-015,pro-015,America/Denver,2026-06-04T16:00:00Z,2026-06-04T16:30:00Z
practice-016,pro-016,America/Los_Angeles,2026-06-04T17:00:00Z,2026-06-04T17:30:00Z
practice-017,pro-017,America/New_York,2026-06-05T14:00:00Z,2026-06-05T14:30:00Z
practice-018,pro-018,America/Chicago,2026-06-05T15:00:00Z,2026-06-05T15:30:00Z
practice-019,pro-019,America/Denver,2026-06-05T16:00:00Z,2026-06-05T16:30:00Z
practice-020,pro-020,America/Los_Angeles,2026-06-05T17:00:00Z,2026-06-05T17:30:00Z
practice-021,pro-021,America/New_York,2026-06-06T14:00:00Z,2026-06-06T14:30:00Z
practice-022,pro-022,America/Chicago,2026-06-06T15:00:00Z,2026-06-06T15:30:00Z
practice-023,pro-023,America/Denver,2026-06-06T16:00:00Z,2026-06-06T16:30:00Z
practice-024,pro-024,America/Los_Angeles,2026-06-06T17:00:00Z,2026-06-06T17:30:00Z
practice-025,pro-025,America/New_York,2026-06-07T14:00:00Z,2026-06-07T14:30:00Z
practice-026,pro-026,America/Chicago,2026-06-07T15:00:00Z,2026-06-07T15:30:00Z
practice-027,pro-027,America/Denver,2026-06-07T16:00:00Z,2026-06-07T16:30:00Z
practice-028,pro-028,America/Los_Angeles,2026-06-07T17:00:00Z,2026-06-07T17:30:00Z
practice-029,pro-029,America/New_York,2026-06-08T14:00:00Z,2026-06-08T14:30:00Z
practice-030,pro-030,America/Chicago,2026-06-08T15:00:00Z,2026-06-08T15:30:00Z
practice-031,pro-031,America/Denver,2026-06-08T16:00:00Z,2026-06-08T16:30:00Z
practice-032,pro-032,America/Los_Angeles,2026-06-08T17:00:00Z,2026-06-08T17:30:00Z
practice-033,pro-033,America/New_York,2026-06-09T14:00:00Z,2026-06-09T14:30:00Z
practice-034,pro-034,America/Chicago,2026-06-09T15:00:00Z,2026-06-09T15:30:00Z
practice-035,pro-035,America/Denver,2026-06-09T16:00:00Z,2026-06-09T16:30:00Z
practice-036,pro-036,America/Los_Angeles,2026-06-09T17:00:00Z,2026-06-09T17:30:00Z
practice-037,pro-037,America/New_York,2026-06-10T14:00:00Z,2026-06-10T14:30:00Z
practice-038,pro-038,America/Chicago,2026-06-10T15:00:00Z,2026-06-10T15:30:00Z
practice-039,pro-039,America/Denver,2026-06-10T16:00:00Z,2026-06-10T16:30:00Z
practice-040,pro-040,America/Los_Angeles,2026-06-10T17:00:00Z,2026-06-10T17:30:00Z
practice-041,pro-041,America/New_York,2026-06-11T14:00:00Z,2026-06-11T14:30:00Z
practice-042,pro-042,America/Chicago,2026-06-11T15:00:00Z,2026-06-11T15:30:00Z
practice-043,pro-043,America/Denver,2026-06-11T16:00:00Z,2026-06-11T16:30:00Z
practice-044,pro-044,America/Los_Angeles,2026-06-11T17:00:00Z,2026-06-11T17:30:00Z
practice-045,pro-045,America/New_York,2026-06-12T14:00:00Z,2026-06-12T14:30:00Z
practice-046,pro-046,America/Chicago,2026-06-12T15:00:00Z,2026-06-12T15:30:00Z
practice-047,pro-047,America/Denver,2026-06-12T16:00:00Z,2026-06-12T16:30:00Z
practice-048,pro-048,America/Los_Angeles,2026-06-12T17:00:00Z,2026-06-12T17:30:00Z
practice-049,pro-049,America/New_York,2026-06-13T14:00:00Z,2026-06-13T14:30:00Z
practice-050,pro-050,America/Chicago,2026-06-13T15:00:00Z,2026-06-13T15:30:00Z
practice-051,pro-051,America/Denver,2026-06-13T16:00:00Z,2026-06-13T16:30:00Z
practice-052,pro-052,America/Los_Angeles,2026-06-13T17:00:00Z,2026-06-13T17:30:00Z
practice-053,pro-053,America/New_York,2026-06-14T14:00:00Z,2026-06-14T14:30:00Z
practice-054,pro-054,America/Chicago,2026-06-14T15:00:00Z,2026-06-14T15:30:00Z
practice-055,pro-055,America/Denver,2026-06-14T16:00:00Z,2026-06-14T16:30:00Z
practice-056,pro-056,America/Los_Angeles,2026-06-14T17:00:00Z,2026-06-14T17:30:00Z
practice-057,pro-057,America/New_York,2026-06-15T14:00:00Z,2026-06-15T14:30:00Z
practice-058,pro-058,America/Chicago,2026-06-15T15:00:00Z,2026-06-15T15:30:00Z
practice-059,pro-059,America/Denver,2026-06-15T16:00:00Z,2026-06-15T16:30:00Z
practice-060,pro-060,America/Los_Angeles,2026-06-15T17:00:00Z,2026-06-15T17:30:00Z
practice-061,pro-061,America/New_York,2026-06-16T14:00:00Z,2026-06-16T14:30:00Z
practice-062,pro-062,America/Chicago,2026-06-16T15:00:00Z,2026-06-16T15:30:00Z
practice-063,pro-063,America/Denver,2026-06-16T16:00:00Z,2026-06-16T16:30:00Z
practice-064,pro-064,America/Los_Angeles,2026-06-16T17:00:00Z,2026-06-16T17:30:00Z
practice-065,pro-065,America/New_York,2026-06-17T14:00:00Z,2026-06-17T14:30:00Z
practice-066,pro-066,America/Chicago,2026-06-17T15:00:00Z,2026-06-17T15:30:00Z
practice-067,pro-067,America/Denver,2026-06-17T16:00:00Z,2026-06-17T16:30:00Z
practice-068,pro-068,America/Los_Angeles,2026-06-17T17:00:00Z,2026-06-17T17:30:00Z
practice-069,pro-069,America/New_York,2026-06-18T14:00:00Z,2026-06-18T14:30:00Z
practice-070,pro-070,America/Chicago,2026-06-18T15:00:00Z,2026-06-18T15:30:00Z
practice-071,pro-071,America/Denver,2026-06-18T16:00:00Z,2026-06-18T16:30:00Z
practice-072,pro-072,America/Los_Angeles,2026-06-18T17:00:00Z,2026-06-18T17:30:00Z
practice-073,pro-073,America/New_York,2026-06-19T14:00:00Z,2026-06-19T14:30:00Z
practice-074,pro-074,America/Chicago,2026-06-19T15:00:00Z,2026-06-19T15:30:00Z
practice-075,pro-075,America/Denver,2026-06-19T16:00:00Z,2026-06-19T16:30:00Z
practice-076,pro-076,America/Los_Angeles,2026-06-19T17:00:00Z,2026-06-19T17:30:00Z
practice-077,pro-077,America/New_York,2026-06-20T14:00:00Z,2026-06-20T14:30:00Z
practice-078,pro-078,America/Chicago,2026-06-20T15:00:00Z,2026-06-20T15:30:00Z
practice-079,pro-079,America/Denver,2026-06-20T16:00:00Z,2026-06-20T16:30:00Z
practice-080,pro-080,America/Los_Angeles,2026-06-20T17:00:00Z,2026-06-20T17:30:00Z
practice-081,pro-081,America/New_York,2026-06-21T14:00:00Z,2026-06-21T14:30:00Z
practice-082,pro-082,America/Chicago,2026-06-21T15:00:00Z,2026-06-21T15:30:00Z
practice-083,pro-083,America/Denver,2026-06-21T16:00:00Z,2026-06-21T16:30:00Z
practice-084,pro-084,America/Los_Angeles,2026-06-21T17:00:00Z,2026-06-21T17:30:00Z
practice-085,pro-085,America/New_York,2026-06-22T14:00:00Z,2026-06-22T14:30:00Z
practice-086,pro-086,America/Chicago,2026-06-22T15:00:00Z,2026-06-22T15:30:00Z
practice-087,pro-087,America/Denver,2026-06-22T16:00:00Z,2026-06-22T16:30:00Z
practice-088,pro-088,America/Los_Angeles,2026-06-22T17:00:00Z,2026-06-22T17:30:00Z
practice-089,pro-089,America/New_York,2026-06-23T14:00:00Z,2026-06-23T14:30:00Z
practice-090,pro-090,America/Chicago,2026-06-23T15:00:00Z,2026-06-23T15:30:00Z
practice-091,pro-091,America/Denver,2026-06-23T16:00:00Z,2026-06-23T16:30:00Z
practice-092,pro-092,America/Los_Angeles,2026-06-23T17:00:00Z,2026-06-23T17:30:00Z
practice-093,pro-093,America/New_York,2026-06-24T14:00:00Z,2026-06-24T14:30:00Z
practice-094,pro-094,America/Chicago,2026-06-24T15:00:00Z,2026-06-24T15:30:00Z
practice-095,pro-095,America/Denver,2026-06-24T16:00:00Z,2026-06-24T16:30:00Z
practice-096,pro-096,America/Los_Angeles,2026-06-24T17:00:00Z,2026-06-24T17:30:00Z
practice-097,pro-097,America/New_York,2026-06-25T14:00:00Z,2026-06-25T14:30:00Z
practice-098,pro-098,America/Chicago,2026-06-25T15:00:00Z,2026-06-25T15:30:00Z
practice-099,pro-099,America/Denver,2026-06-25T16:00:00Z,2026-06-25T16:30:00Z
practice-100,pro-100,America/Los_Angeles,2026-06-25T17:00:00Z,2026-06-25T17:30:00Z
